BuyerEmail,StreetAddress,FName,LName,RegistrationDate
rhyvbreo@example.com,921 ffcxvxbb st,bnyfjelw,kwwxhgpn,2024-01-01
akvviyhr@example.com,8263 iqsdhqrn st,ukwjakju,coxzapun,2024-01-01
gwbyxbur@example.com,8644 ynzbheyq st,cjcrowaa,rrlqzcdv,2024-01-01
qeyhpyuw@example.com,8696 kdqtqjwb st,korlnhtl,taxhpzju,2024-01-01
gamdmdsb@example.com,5759 qskmmrnf st,mxthgbag,flygvrqu,2024-01-01
krjpemkb@example.com,107 kkvxkzui st,ypzjczui,jfsjrjhg,2024-01-01
prtweflj@example.com,3666 lqxmndfu st,eeikpept,xehsouzm,2024-01-01
xbmmysco@example.com,3340 mrqmptsr st,ynrgzoeb,pvqfoovx,2024-01-01
gszjuewd@example.com,5937 vcfcbvoh st,zwspckwa,vrspqclc,2024-01-01
giwbnymu@example.com,8268 oviyygpi st,ndwqddqx,sqexrrcd,2024-01-01
siclzzoe@example.com,350 xudoiyob st,pvdjhrtg,mvdbbutv,2024-01-01
kchslcvs@example.com,5062 qopjvsom st,dxshtfeu,dijjxrej,2024-01-01
uxmddqyq@example.com,2619 ufnexskl st,eovwcfcs,qmanmrxj,2024-01-01
syitbaif@example.com,9112 ygeivkqe st,nyeqqqxq,qiwhbwry,2024-01-01
rssgrmwv@example.com,5664 wrhcebda st,qmjrldsw,yxfxvesk,2024-01-01
cpipcxfz@example.com,4415 olrgxfqu st,idiegndl,aalkhhdg,2024-01-01
rfgpwkuw@example.com,1449 vxmbeudy st,humgxjvy,wywbvzhf,2024-01-01
hobtajwf@example.com,6285 yvtlxinu st,tdjaycwp,fglnmmti,2024-01-01
ihflwqux@example.com,3691 hudwtyrk st,ccilcabn,rwkywlms,2024-01-01
ffkxxabb@example.com,6024 kiiflozg st,qrxcvbqi,vvfqteym,2024-01-01
qtxgjwnt@example.com,7737 kpjeywlw st,rksydihg,oxsivyse,2024-01-01
yacftvad@example.com,4211 jsucnxul st,edgrwqjd,nxmicqbh,2024-01-01
enppptjq@example.com,302 johjttlq st,spjkwlli,gsatgkyq,2024-01-01
wpcfyezk@example.com,3913 dbnvwyuo st,ipmpsjib,tywoulgv,2024-01-01
ukdsnhgq@example.com,9950 hsucythr st,uqopzapj,kkraxlwh,2024-01-01
wfqmjars@example.com,6576 apnvlpkz st,unuezdbf,jpmexfxt,2024-01-01
cazgmgff@example.com,7702 xdzfyrrr st,jszcfvwi,shnlgsol,2024-01-01
zgvefeqc@example.com,9166 yrlssjau st,ggakysbl,zltrscph,2024-01-01
lldvchda@example.com,4273 yrannhma st,uzkenlip,zhdtbhaf,2024-01-01
lerfekxf@example.com,7018 sobzolyy st,ijlprycv,iiqeetcy,2024-01-01
wmdoraxa@example.com,5387 afabiiyt st,hykwsjli,oesxnfyl,2024-01-01
pjvxakry@example.com,5127 kouofiiu st,zxkplnae,wzajiwbp,2024-01-01
cyxmnblm@example.com,5315 fitmjamj st,cpdefvqp,acqaakwq,2024-01-01
gmoftiwa@example.com,3685 zrpftnzo st,abtdizjh,xhbwacli,2024-01-01
zdkxvzcb@example.com,3774 mfkdjolo st,gussjxlt,jbkshikn,2024-01-01
whyiewue@example.com,612 osncihza st,ryzezhpm,olxalzfj,2024-01-01
bcsjolvb@example.com,8957 ayrvjayn st,ijopwbme,ixidrqll,2024-01-01
wwvbkoxt@example.com,7833 oadnngkt st,fkskdhak,dljeewwn,2024-01-01
ooaguvva@example.com,6640 yegcchnu st,lebwcjha,rgpwhpuw,2024-01-01
ocouvidu@example.com,1904 dvvtpydk st,edazqnxc,uecwaqxd,2024-01-01
irclsarv@example.com,6944 aaqvlbdl st,pdqzmrro,tqlcufje,2024-01-01
mrcngorh@example.com,707 lafkkbsy st,jxrhpbez,miwolqxd,2024-01-01
zcuswnjx@example.com,6330 wuimgcvs st,xoozvrhx,mczeeqqw,2024-01-01
pcvxvwxo@example.com,3118 bhwjimvs st,uqczobrg,smajumeh,2024-01-01
mrcbrkxj@example.com,9396 rovebxwa st,ssoirxdh,hyoyrtob,2024-01-01
pnfkpppg@example.com,1292 xedvwfbw st,myrxzlcq,miqilghs,2024-01-01
ojwiffyy@example.com,6595 bsdaywti st,wudbnzui,kdjsljen,2024-01-01
qsdxcpvj@example.com,5779 rgettvrl st,ijgnluch,zytcluqb,2024-01-01
nvgzmqar@example.com,3919 jujwkhxu st,jpdqiwfa,ybrzkmzc,2024-01-01
cyadiyad@example.com,4388 wywwzorh st,vhvwnqoz,pphjulxf,2024-01-01
vcsqgwfr@example.com,4715 zwchztru st,pcqyjyeo,pfbeexmi,2024-01-01
toruxaqr@example.com,7057 xwrcmkur st,cqjewahf,adqputcz,2024-01-01
cmbcdlmi@example.com,5270 lpfenhvu st,sgeznyxj,owhhkcrt,2024-01-01
bigzrtyl@example.com,5286 uygjttrj st,wityyrhi,gwmrmbsd,2024-01-01
rrrwnggn@example.com,4326 nupipyav st,qqausjca,gfkllbar,2024-01-01
hwpgammi@example.com,7004 khwdzvvg st,vxiqytjd,wwcupitg,2024-01-01
rjcxfzkx@example.com,5478 rmjlcssa st,bhxiweiy,farycgwb,2024-01-01
dxgssbwf@example.com,2873 ebbsuqpg st,umuzivlo,pbsgjvmv,2024-01-01
evkydtkk@example.com,4334 xqjmtlth st,rwhfqneo,kwdlrnrp,2024-01-01
losqcvgz@example.com,6082 niukulgn st,kdjubkmd,ondkkulb,2024-01-01
