credit_card_num,card_type,expire_month,expire_year,security_code,owner_email
4021622353362031,VISA,01,2030,123,bfamqhny@example.com
8884869482638183,VISA,01,2030,123,qzcsqsfj@example.com
2982727909060838,VISA,01,2030,123,dbbfexjw@example.com
6074880350881102,VISA,01,2030,123,bigzrtyl@example.com
0906672021274856,VISA,01,2030,123,dbbfexjw@example.com
4867393949469573,VISA,01,2030,123,hjqdvuhc@example.com
7321292355037647,VISA,01,2030,123,nvgzmqar@example.com
9522710382411367,VISA,01,2030,123,zdkxvzcb@example.com
4402255971252542,VISA,01,2030,123,dbbfexjw@example.com
4770712308699165,VISA,01,2030,123,enppptjq@example.com
2692358784376995,VISA,01,2030,123,bjjjdfbl@example.com
3658599106257280,VISA,01,2030,123,gszjuewd@example.com
2585750326295849,VISA,01,2030,123,qzcsqsfj@example.com
3743602599410496,VISA,01,2030,123,soxqspgn@example.com
9742318095263507,VISA,01,2030,123,qtxgjwnt@example.com
0442967063548592,VISA,01,2030,123,irclsarv@example.com
6630499902095549,VISA,01,2030,123,cyadiyad@example.com
9354339391146816,VISA,01,2030,123,atqfough@example.com
7054004935258347,VISA,01,2030,123,giwbnymu@example.com
7047956558311591,VISA,01,2030,123,fpbramqe@example.com
3758862909699783,VISA,01,2030,123,rssgrmwv@example.com
0791157594157581,VISA,01,2030,123,akvviyhr@example.com
5912449280554552,VISA,01,2030,123,fpbramqe@example.com
1872254586681412,VISA,01,2030,123,toruxaqr@example.com
4838374831558222,VISA,01,2030,123,yfpryyli@example.com
1656169417291238,VISA,01,2030,123,hobtajwf@example.com
9857262821704748,VISA,01,2030,123,thrfwkhe@example.com
8163622465469765,VISA,01,2030,123,unonllhi@example.com
4134464613412203,VISA,01,2030,123,hobtajwf@example.com
4805207617688416,VISA,01,2030,123,bigzrtyl@example.com
9806239296207360,VISA,01,2030,123,dbbfexjw@example.com
0748615051045594,VISA,01,2030,123,dtoanlmx@example.com
6452909399213793,VISA,01,2030,123,exuihlzc@example.com
0613675886802167,VISA,01,2030,123,syitbaif@example.com
0146039304323898,VISA,01,2030,123,pcvxvwxo@example.com
5606909994966998,VISA,01,2030,123,lerfekxf@example.com
9617809607170914,VISA,01,2030,123,qzcsqsfj@example.com
2430566234614944,VISA,01,2030,123,exuihlzc@example.com
3578339898573013,VISA,01,2030,123,gmoftiwa@example.com
6340847982828363,VISA,01,2030,123,xbmmysco@example.com
3132749671139080,VISA,01,2030,123,gwbyxbur@example.com
3557020271828488,VISA,01,2030,123,qsdxcpvj@example.com
9666811787145996,VISA,01,2030,123,lldvchda@example.com
1757389075073784,VISA,01,2030,123,wpcfyezk@example.com
4682688001453414,VISA,01,2030,123,dtoanlmx@example.com
4836780607223435,VISA,01,2030,123,xxoqiwzt@example.com
9427680743732453,VISA,01,2030,123,whyiewue@example.com
4266373291756838,VISA,01,2030,123,yfpryyli@example.com
1429137184203424,VISA,01,2030,123,qeyhpyuw@example.com
2388482864441730,VISA,01,2030,123,exuihlzc@example.com
8433125715157219,VISA,01,2030,123,gmoftiwa@example.com
1571181466870881,VISA,01,2030,123,rrrwnggn@example.com
4920121483693616,VISA,01,2030,123,mrcbrkxj@example.com
3663229023294614,VISA,01,2030,123,siclzzoe@example.com
1352340113039681,VISA,01,2030,123,yacftvad@example.com
7973941263737439,VISA,01,2030,123,mrcbrkxj@example.com
0370619230496543,VISA,01,2030,123,fpbramqe@example.com
1221107815179470,VISA,01,2030,123,wmdoraxa@example.com
8431183615279765,VISA,01,2030,123,gamdmdsb@example.com
2820774382685772,VISA,01,2030,123,siczuqxh@example.com
