BusinessID,BusinessName,BusinessEmail,Phone
1,"Choi, Lopez and Smith",asuarez@murphy.net,051-537-8569x4388
2,"Thompson, Robbins and Gomez",smithleslie@richardson-powell.com,183-396-8109
3,Moore Inc,madelinestanley@owens.biz,6924453004
4,Thompson-Jensen,anthonyblack@nguyen-hanson.com,629.185.7059x776
5,Baker and Sons,lorozco@bennett.com,594-939-6777x090
6,Crawford and Sons,josedavis@carr.info,001-503-194-2201
7,"Parks, Burke and Garcia",crusso@hopkins.info,001-365-501-1104
8,Williams Ltd,ajones@mckay.com,869-006-8747
9,"Walsh, Curry and Freeman",stewartsara@figueroa.info,+1-720-269-5635x3869
10,Huynh-Brown,gward@vasquez.com,001-137-124-8699x0784
11,Miller-Hill,fhendrix@kennedy.info,001-176-734-1770x75348
12,Bender-Bates,justin56@guzman.com,188.494.8909x818
13,"Bailey, Blanchard and Mendoza",garnerthomas@wilcox-kirk.org,7798804837
14,"Wise, Watkins and Dennis",dlong@hendrix.org,001-274-722-6691
15,"White, King and Ward",gonzalezthomas@lewis.biz,001-314-635-4787
16,Edwards-Simpson,upark@mitchell.com,001-189-685-5201x89662
17,"Garcia, Miller and Lopez",fbryant@wright.biz,001-291-504-9342x54405
18,Smith Inc,bryantimothy@blake.net,816-273-8288
19,"Anderson, Stevens and Taylor",lbrooks@lyons.com,293-267-3958x5284
20,"Hernandez, Mcdowell and Ortiz",joseph64@benson.org,001-209-051-9448x532
21,Ramos Group,catherine89@schwartz.net,184-515-8442x8395
22,Conway Ltd,dmason@brown-jones.com,644-496-0432x978
23,Tran-Schultz,randy09@george.com,888.402.4031
24,"Spears, Carr and Johnson",garciadonald@perez.com,+1-393-986-9445
25,Perez-Wagner,markmorris@brown-duncan.com,001-131-453-8513
26,"Bond, Ellis and Curry",loribaker@cole.biz,103-695-4076x04539
27,Matthews and Sons,millerrandall@white.com,490.251.7654
28,Hoover-Richards,ubeard@williams.com,001-235-052-3391x5178
29,"Johnson, Sutton and James",nbailey@valdez.com,076-913-6497
30,"Mason, Bowman and Cole",pfrench@smith.com,078.905.7751x331
