BuyerID,StreetAddress,Email,Password,FName,LName,RegistrationDate
1,908 Michael Camp,hoffmanjamie@hotmail.com,$9o_IoMi7Q,Felicia,Kelley,2001-01-29
2,518 Elizabeth Square,smcdaniel@gmail.com,5dEaoXZ#&i,Megan,Walsh,2004-04-30
3,26931 Susan Pine Suite 438,frankmiller@hotmail.com,*(0VRdGaoG,Jessica,Murray,1997-07-28
4,6065 Christian Common,mitchellbrown@kirk-garcia.com,qe6AHKV*$9,Roger,Bryan,1994-05-18
5,219 Trujillo Branch Suite 055,meyerschristopher@ward-turner.info,Sx6GnvKx+^,Austin,Farmer,2002-12-16
6,0364 Gutierrez Hollow Apt. 285,reyesalexander@hotmail.com,!oL3KPrf(#,Luis,Evans,1970-01-26
7,1543 Underwood Road Apt. 050,munoztimothy@washington.org,I(*C6IIlU*,Christian,Fowler,2013-08-30
8,12855 Hernandez Springs Suite 715,johnphillips@hotmail.com,*P1OotaXHd,Renee,Shaw,2003-03-04
9,3243 Alexander Estates Apt. 107,parkermatthew@yahoo.com,3ih3*XKEc_,Annette,Smith,1983-07-06
10,2172 Justin Underpass,carmenandersen@yahoo.com,&1XtWjQcY!,Donna,Johnson,1985-12-09
11,9046 Hamilton Tunnel Suite 910,abeck@gmail.com,4K0V8He2^),Elizabeth,Jimenez,1970-10-07
12,4485 Sandra Summit,crawfordrichard@tate-webb.org,eB6UjFg+!4,Patricia,Fields,2011-06-23
13,682 Caldwell Points Suite 341,mackdominique@hotmail.com,E!%oK3KpKE,Darrell,Jones,1972-08-15
14,0122 Mccall Spring,jessica92@yahoo.com,_3j!eCrgK+,Vincent,Pham,2004-07-04
15,85168 Morris Via Suite 981,pereztaylor@bradshaw-jackson.info,)89JixbHZz,Nicholas,Park,1981-02-02
16,349 Brian Row,shannon29@yahoo.com,i2@Uc80(_0,Paul,Flores,1980-02-26
17,6063 William Summit Apt. 779,ereese@wheeler-skinner.net,K*8BhlD$x(,Michael,Williams,1971-07-05
18,71501 Jesus Underpass Apt. 091,luke53@reyes.com,r!L4GKZpYh,Brian,Brown,2016-09-17
19,7186 Nicholas Station,john74@martin-benson.com,*Zx51MAo!i,Jessica,Davis,2025-07-29
20,535 Bates Way,loganerin@hotmail.com,uA*id3Km)F,Tara,Jones,1986-06-15
21,8089 Hines Port,emiller@yahoo.com,6_a8@ZqEMu,Lucas,Fitzpatrick,2010-08-22
22,21955 Joanne Parkways Suite 432,rebeccamorris@hotmail.com,@7MZxtnjVM,Kenneth,Wood,2017-06-22
23,644 Cesar Lights Suite 018,ghernandez@ramos.com,%#g!SS6h(2,Christopher,Glover,2011-04-14
24,96568 Smith Squares Suite 119,frankjohnson@myers-bailey.net,&gYcCRmQ_6,Ian,Leach,1981-11-25
25,9745 Chelsea Square Apt. 571,maryjames@gmail.com,Fa)4iRybNL,Chelsea,Carpenter,1998-12-29
26,5028 Mark Garden,baileydaniel@munoz.org,+Qb(pKep7x,Joanna,Fox,1975-01-22
27,8949 Mendoza Pines Suite 845,rshaw@alvarez.com,@ct5Hhl234,Lisa,Dominguez,2022-01-17
28,0891 Adams Ford,kimberlyrocha@yahoo.com,^5cDG(vF*J,Steven,Reynolds,1987-06-11
29,9609 Cantu Route Apt. 261,lopezbrandy@yahoo.com,!430XtH&_C,Edward,Pierce,2012-07-13
30,5767 Maria Lane Apt. 042,jeremysmith@carr.com,7BK6Pg8&&S,Leah,Shelton,2025-03-07
31,1981 Ryan Path Apt. 064,sandrachan@gonzalez-hoffman.info,(_P1B6GtYH,Holly,Turner,1980-10-07
32,74998 Erin Fork Apt. 177,danielmiranda@gonzalez-underwood.com,$5aOK$rm4n,Zachary,Hamilton,2000-02-15
33,9535 Rogers Lake,santananoah@burns.org,r14GgNgbC@,Catherine,Smith,1986-08-03
34,5299 Simpson Turnpike Suite 824,fullerjasmine@hotmail.com,dNW9(Bl)W@,Kevin,Luna,2018-07-06
35,590 Hart Crescent,sdean@yahoo.com,)L5UQ*bkO1,Brittany,Joseph,2023-03-25
36,88055 Cochran Avenue Apt. 516,marysanchez@gmail.com,%x8*T!dK_+,Katherine,Ortega,1985-10-22
37,64766 Scott Valleys Suite 185,calebmunoz@hood.com,@%5YSi%oUO,Whitney,Frye,1988-10-24
38,3234 Richard River,jessicagarcia@hotmail.com,*2NIoxQD5R,Maria,Browning,1980-10-09
39,8523 Lauren Junctions,medinaeric@dean.com,11SbRiMo*l,Jennifer,Meyer,1974-07-19
40,46048 Ian Inlet,emily22@hamilton-valdez.biz,^)N8PltQ^D,Beth,Gonzalez,1997-10-01
41,0704 Mcbride Turnpike,turnerpaula@hotmail.com,umuRKUKb%3,Patricia,Tucker,1977-08-19
42,525 Clayton Burg,westbryan@gmail.com,2+!8Ra)#t_,Lindsey,Madden,1990-06-30
43,383 Kurt Wells,allennathan@reeves-bowen.biz,E(0ZCyX!)f,Frank,Gonzalez,1970-07-18
44,645 Paul Hills,marcusdavis@gmail.com,6UC*Zk+z*A,Amy,Green,1989-03-31
45,332 Torres Alley,morrisjennifer@jenkins.com,^4$M9VNnBi,Jonathan,Hall,1999-10-09
46,6358 Craig Corner Suite 590,pjenkins@yahoo.com,$7yRQLaalP,Jane,Nelson,1980-11-09
47,5333 Joseph Wells,xhunter@baker.com,X9@ZVKsx!#,Hannah,Smith,1980-10-27
48,53572 James Fields,geoffreybrown@cooper.net,cT2DwXoA7&,Frederick,Jenkins,2007-04-29
49,764 Cynthia Springs Apt. 314,deborahsuarez@phillips.net,th7)3VFzML,Brittany,Shaw,2014-07-27
50,552 Andrea Mews,williamsryan@gmail.com,@*eIKqs478,Jacob,Torres,2019-10-09
51,059 Beard Land,lisacaldwell@ramirez.com,^9SwtYDGfl,Robert,Buckley,1987-02-15
52,5770 Nichols Hollow,fclark@daniels.net,%26^x5Gpb*,Caitlin,Marshall,1991-11-24
53,0541 Kimberly Circles,johnpowers@price.com,x3GR!$op$X,James,Ward,2008-10-01
54,6942 Farmer Camp,jdavis@skinner.com,&ZcMKlKp!2,Catherine,Stevens,2022-09-10
55,00841 Miller Points,jason09@gmail.com,#_$TtOhF0u,Bonnie,Washington,1991-04-01
56,58275 Barry Inlet Suite 909,kweaver@jones.org,8nw)3B5ur$,John,Terry,1970-11-17
57,6293 Sanders Valleys Suite 523,christinarodriguez@gmail.com,OAJIr^xc@8,Linda,Green,1983-10-23
58,055 Bailey Tunnel Apt. 111,loriwood@hotmail.com,3$DNs6ww*a,Joshua,Pope,2008-09-15
59,98394 Justin Rest Suite 329,christina27@lee-wilson.com,rtmU2*Fle+,Thomas,Miller,2021-06-03
60,93566 Danielle Parks,jharper@hernandez.info,a&5Lst%vB),David,Maldonado,1973-10-25
61,45293 James Shores,cberry@gmail.com,PeEJa7!P!1,Cheryl,Mack,2002-12-30
62,157 Renee Well,johnathan23@yahoo.com,o1d47WtX!*,Carlos,King,2003-10-15
63,04377 Wyatt Field Apt. 902,montesshawn@ponce-torres.com,aXo3OoHyY!,Donald,Rodriguez,2015-06-25
64,006 Amber Forges Apt. 312,nixonnicole@johnson-mcguire.org,!^o1GcWSyy,Karen,Carpenter,1989-07-13
65,1125 Jacqueline Junctions Suite 389,wrightrobert@yahoo.com,6BIDZ)nu@l,Robert,Salazar,2020-08-02
66,32622 Stacey Keys Suite 817,lindaarmstrong@hotmail.com,GOFDvX8H^9,Luis,Crane,1974-04-19
67,93610 Gray Spur,umitchell@woodward-williams.com,iE+0z*Xvl+,Rita,Newton,1988-11-14
68,34820 Vang River,williamsmichael@gmail.com,%vel(Nxs0w,Dylan,Jones,1972-03-08
69,26106 Keith Drive Suite 625,robersonrobert@wagner.info,b7u7PWas&n,Matthew,Nolan,2022-03-27
70,7147 Kristy Estates Suite 798,zachary56@hotmail.com,fwwt1OBtv+,Jeffrey,Gonzales,2019-09-10
71,2763 Donald Springs,veronica73@yahoo.com,3cDvECeo+W,Thomas,Adkins,2019-07-22
72,26039 Townsend Branch,michellepope@lee.com,lT1D5s5ar),Christina,Ray,2007-10-20
73,10670 James Creek,mberry@hotmail.com,$n6R3*blX+,Steven,Knight,1973-01-01
74,073 Simmons Valleys Apt. 447,phorn@holmes-ross.org,%3Htl23Sc7,Jeremy,Moore,2015-01-09
75,16432 Moore Estates,rodney28@kelly.net,q1Z#vzHD$n,Paul,Hall,1999-02-27
76,5463 Joseph Manor Suite 006,luisgross@hotmail.com,B8H2Jmkc*s,Dylan,Baker,1999-11-12
77,140 Randall Grove,heatheryoung@hotmail.com,@q7KSsjl6%,Emily,Lewis,1984-06-25
78,969 Stacy Street,amanda89@yahoo.com,G%^7tTiSVI,Yvonne,Wolf,1988-06-15
79,40229 Cohen Ports,jackson36@hotmail.com,^4XqP!8kdB,Rebecca,Dorsey,2002-04-24
80,99233 Baker Gardens,rebecca71@rodriguez.org,Ty%0MfLdi1,Andrea,Adams,2005-12-04
81,23767 Matthews Field,david77@hotmail.com,)5ZMg&a%Jf,Alan,Ramirez,1973-05-21
82,1934 Brittany Groves Suite 897,qbrown@yahoo.com,v0CKhpME*t,Wesley,Henderson,1977-05-12
83,429 Reeves Spur,tadams@allen.com,_P*PWbf21J,William,Hernandez,1999-12-28
84,186 Derek Stream Suite 880,teresaclarke@frye.org,Y7M5Rlsz)u,Molly,Weiss,1987-09-15
85,095 Nolan Course,davislinda@todd.com,(@nu0(Pr9N,Kevin,Gibson,1971-01-22
86,0791 Oliver Fords,saramiller@jensen.com,!3jPXvDs18,Ashley,Carter,1997-02-19
87,96782 Joshua Throughway Apt. 166,emmavelazquez@anthony.info,xN0YFm2F&x,Stephanie,Spencer,1995-06-29
88,704 Hays Tunnel,sarahmitchell@owens-berry.com,(s_9AU#9^^,Katherine,Powell,1992-05-31
89,789 Ruth Loaf Suite 984,tracie31@yahoo.com,(7H5zEBi@J,Brittney,Wilkerson,1989-06-03
90,078 Reed Passage Apt. 134,aaronburnett@woods.com,eo6q9Q++v^,Eugene,Lawrence,1996-03-23
91,511 Jasmine Roads Apt. 065,liudouglas@gmail.com,*us2Kqo*RL,Courtney,Alvarez,1991-01-14
92,75099 Simmons Islands,richard46@williams.com,1#0lThcB#g,Julie,Lawrence,2025-01-31
93,7766 Stephenson Islands,saundersmary@fox.biz,^5NeLPJ0i1,Shaun,Contreras,1977-06-11
94,260 Miller Land Apt. 507,samantha54@taylor.info,S51T1vwx@o,Curtis,Gregory,2021-08-28
95,151 Rice Bridge Apt. 754,timmartin@hotmail.com,+pST#!!n+6,Anthony,Wood,2009-12-18
96,49260 Edward Stravenue,slewis@yahoo.com,6@X^_4GlEl,Tony,Lyons,2000-02-20
97,1391 Weaver Passage,lejessica@hoover.com,V0NF2UCyZ),Elizabeth,Ho,1971-04-04
98,02233 Sanchez Parkway Apt. 118,westrada@bullock-fox.org,_6E&saTe@u,Kaitlin,Atkins,2023-10-11
99,590 Rowe Loaf Apt. 061,ljackson@sullivan-davis.com,@oMDTy@g5*,Lindsey,Sims,2024-10-03
100,28275 Hannah Locks Apt. 830,leecruz@hotmail.com,+2QNd3AuN$,Jeff,Smith,1982-09-13
