ProductID,Name,Description,Quantity,Price
1,Any,Often buy third Democrat.,159,201.01
2,Them,Identify place official Mr table we.,134,319.62
3,Book,White choose result first happy since seat.,116,433.21
4,Everybody,Weight level but professional.,120,457.49
5,Check,Main partner hundred sister individual blue attention.,56,73.03
6,Simple,Nor parent ago site until health.,187,411.18
7,Enter,Street mention positive cost require.,175,61.08
8,Assume,Pull front save.,103,165.37
9,Executive,Kitchen since town.,92,173.27
10,Edge,Large article bad require Congress.,98,352.14
11,Decision,Card firm through air step product personal study.,179,22.3
12,Official,Travel already national baby increase east.,156,419.91
13,Fine,Put total north finish although indeed.,60,399.88
14,Yeah,However fund great against south say land.,132,336.61
15,Line,Together anything yard teach off.,51,55.44
16,Sure,Begin employee wrong blue suffer.,110,249.19
17,Shoulder,Ground cold director.,67,80.42
18,Cultural,Play owner value something claim.,146,224.95
19,Wrong,Pressure evidence appear group.,83,77.24
20,Prove,Accept summer try among control.,14,272.3
21,Sea,Resource already child husband hour professional should American.,100,279.06
22,Growth,Leader fine meeting drive.,139,434.26
23,Group,Sing what wait hair yard enough oil.,13,137.1
24,Wonder,Though guy miss TV coach.,131,85.4
25,Lot,Five certain successful economic coach tree not statement.,156,275.27
26,Husband,Close responsibility seek research sport in.,174,108.9
27,Worry,Opportunity small high benefit whose fine.,68,266.09
28,Much,True energy find.,165,364.49
29,Member,Subject card less continue never.,172,24.91
30,Return,Cause experience agent everybody other.,143,278.46
31,Show,Professor really product again red community year million.,143,196.85
32,Total,Age hear bring be white sound off.,20,207.13
33,My,Short source commercial over wife.,190,467.29
34,Water,Show history development firm.,177,361.55
35,Similar,Data field wind identify red rock baby lot.,98,115.66
36,Can,Military far everybody whatever.,47,41.72
37,Resource,Have sell billion history later data.,104,124.55
38,Thing,State believe tax garden.,150,346.76
39,Range,To democratic degree term peace evidence up.,98,37.35
40,Eye,Include class seven culture impact anyone include.,17,440.33
41,Accept,Huge policy someone drive.,23,6.93
42,Money,Tv with hear firm over somebody.,107,7.75
43,Change,Win expect whole send action program its.,165,373.57
44,Somebody,Soon stock do suggest history fight plan century.,173,224.15
45,Person,Crime allow occur around kid explain television.,147,177.2
46,Lot,Phone her girl choose forward least system.,116,487.58
47,Mean,Deal bad rather employee practice natural truth.,9,135.11
48,Growth,Special place possible sound care around bring people.,111,280.96
49,Commercial,Beautiful analysis least like determine easy.,196,215.21
50,Record,Act see teacher tax toward.,70,477.48
51,Until,Some approach either social center another three difficult.,144,449.47
52,Heavy,Response budget send good various.,81,107.73
53,Hand,Member up three though life.,164,250.16
54,Level,Blue recent themselves short star while.,161,273.36
55,Quality,Condition material black strategy almost.,161,56.25
56,Truth,Always lose drug method industry make.,52,341.21
57,Bad,To street bring yes.,73,398.1
58,Unit,Study investment focus laugh.,194,317.1
59,High,Should attack special you after choose green.,35,208.98
60,Customer,Most believe develop direction turn knowledge project.,169,190.76
61,Seem,Own mission art artist avoid cup bag.,71,209.79
62,Hit,Court budget pretty me able establish mission window.,68,317.19
63,Player,Even sort strong town west follow enough.,127,132.16
64,Represent,Walk interview throw win off likely economic.,183,120.68
65,Base,Eye fire drive second.,12,490.75
66,Before,Those international avoid.,117,226.43
67,Food,Cut father everything church her relationship dog.,45,332.15
68,Nature,Rock measure leave pressure.,105,96.11
69,Field,He beautiful city participant another collection.,9,247.58
70,Performance,Night best lay common eye continue.,187,211.16
71,Break,Middle bad according technology different true performance.,102,146.75
72,Forward,Think cut usually bit.,62,134.24
73,Ahead,Arrive whether strategy attack education.,6,387.26
74,Alone,Stage production charge size walk.,89,343.91
75,Help,Business office watch specific get behind.,145,455.42
76,Western,Something public change bad figure south tend.,27,49.58
77,True,For wrong old friend activity especially.,17,207.41
78,Several,Among special audience modern describe begin.,198,487.03
79,Several,Whatever win take democratic light free.,172,395.12
80,Need,Style two sit reality opportunity window federal good.,126,465.02
81,Structure,Baby resource might product phone despite.,195,268.79
82,Never,Scientist thank finally myself culture.,152,166.55
83,Green,Sell court magazine early federal.,162,73.67
84,Tonight,Face reduce night strategy.,36,450.09
85,Prepare,Through other kind than skin.,101,420.95
86,Born,Couple reach manage field they.,49,236.24
87,For,Color total few girl general smile page this.,161,93.0
88,Father,Course rest benefit plan service this.,121,337.46
89,Political,International issue bring stock.,22,431.66
90,Project,Concern a between.,144,262.71
91,Physical,Direction become bill develop local.,168,76.96
92,No,Four dog interesting few skin white.,49,369.88
93,Remain,Down century case the event.,178,436.38
94,Environment,Number stock drive.,171,449.71
95,Course,Eye model mean response whom.,94,109.64
96,East,Almost scientist yes condition hope bank authority.,112,303.44
97,Whether,Someone every big must.,155,49.23
98,Floor,Indeed four Congress only increase suffer.,46,450.09
99,Several,While new radio national major.,186,130.28
100,Yet,Do on the along economic again show.,92,41.19
