UserID,Email,Password
1,jmcdonald@johnson-barnes.net,!8a0fljp!L
2,shannon24@yahoo.com,tn8OW$y!q!
3,johnnguyen@yahoo.com,)o3LxsKHHW
4,afoster@benjamin.info,A+)8EBRqfR
5,gloverjill@hotmail.com,%Cx(Bpb*u6
6,charlesgregory@yahoo.com,!7&kFF(aZ0
7,kennethlong@johnson.org,(oY1)WDu0I
8,lopezangela@gmail.com,z^NZFXo$!0
9,daniellewis@yahoo.com,X$_u5I7b&y
10,madisonbrown@allen.com,+oR&PTFZ+5
11,janet47@sanders.biz,JV9icSqVO)
12,shawn56@gmail.com,9PHGrKgy_f
13,aliciabeck@hotmail.com,@+n51fXn7)
14,rcarey@gmail.com,_z73cFPo(K
15,tward@williams.com,(WLGjr8ez4
16,sullivanmolly@yahoo.com,xp7+h3XwsG
17,valenciadana@velasquez.com,O#4uFMlG7y
18,lmitchell@hotmail.com,@2Gorhnh4A
19,adam73@bush-russell.net,P@a3Y#2bMc
20,weaverchristopher@yahoo.com,m9lQPtz#)5
21,joshua84@yahoo.com,glk7BoD0G$
22,mhowe@yahoo.com,%)46PpeBZd
23,jasminefitzgerald@gmail.com,ee7DAk@6$&
24,rhonda39@gmail.com,UEE9McrM!M
25,richard16@cardenas-hayes.com,!Q*2Ptnt9H
26,elizabeth25@barber-ford.com,_gb6Ittd2L
27,loweeric@lewis.com,s6t3Lxqun&
28,campbellleslie@james.com,BZ&9NfktJ2
29,vroth@hotmail.com,3_O0lBSfWc
30,brian46@yahoo.com,_&h(L4FxMa
31,lawsonellen@hotmail.com,a+9!NCNtGZ
32,dariusmason@gmail.com,SokN3(Xxh^
33,daniel33@peterson-medina.com,hp7Wgqm9_e
34,sarahliu@hotmail.com,_OyYDRm499
35,morganteresa@harris-leonard.com,*oIERxQFB6
36,diamond64@peck.com,P@1REllHKt
37,zcampbell@garrett-oliver.net,q)b1MsH9)Q
38,laura28@yahoo.com,71SnXbxU$k
39,rodriguezbruce@yahoo.com,LKv3s(Pl&n
40,tdaniels@hotmail.com,eEs^T2LkD!
