Email,Password
user1@email.com,pass1
user2@email.com,pass2
user3@email.com,pass3
user4@email.com,pass4
user5@email.com,pass5
user6@email.com,pass6
user7@email.com,pass7
user8@email.com,pass8
user9@email.com,pass9
user10@email.com,pass10
user11@email.com,pass11
user12@email.com,pass12
user13@email.com,pass13
user14@email.com,pass14
user15@email.com,pass15
user16@email.com,pass16
user17@email.com,pass17
user18@email.com,pass18
user19@email.com,pass19
user20@email.com,pass20
user21@email.com,pass21
user22@email.com,pass22
user23@email.com,pass23
user24@email.com,pass24
user25@email.com,pass25
user26@email.com,pass26
user27@email.com,pass27
user28@email.com,pass28
user29@email.com,pass29
user30@email.com,pass30
user31@email.com,pass31
user32@email.com,pass32
user33@email.com,pass33
user34@email.com,pass34
user35@email.com,pass35
user36@email.com,pass36
user37@email.com,pass37
user38@email.com,pass38
user39@email.com,pass39
user40@email.com,pass40
user41@email.com,pass41
user42@email.com,pass42
user43@email.com,pass43
user44@email.com,pass44
user45@email.com,pass45
user46@email.com,pass46
user47@email.com,pass47
user48@email.com,pass48
user49@email.com,pass49
user50@email.com,pass50
user51@email.com,pass51
user52@email.com,pass52
user53@email.com,pass53
user54@email.com,pass54
user55@email.com,pass55
user56@email.com,pass56
user57@email.com,pass57
user58@email.com,pass58
user59@email.com,pass59
user60@email.com,pass60
user61@email.com,pass61
user62@email.com,pass62
user63@email.com,pass63
user64@email.com,pass64
user65@email.com,pass65
user66@email.com,pass66
user67@email.com,pass67
user68@email.com,pass68
user69@email.com,pass69
user70@email.com,pass70
user71@email.com,pass71
user72@email.com,pass72
user73@email.com,pass73
user74@email.com,pass74
user75@email.com,pass75
user76@email.com,pass76
user77@email.com,pass77
user78@email.com,pass78
user79@email.com,pass79
user80@email.com,pass80
seller81@biz.com,spass81
seller82@biz.com,spass82
seller83@biz.com,spass83
seller84@biz.com,spass84
seller85@biz.com,spass85
seller86@biz.com,spass86
seller87@biz.com,spass87
seller88@biz.com,spass88
seller89@biz.com,spass89
seller90@biz.com,spass90
hd91@support.com,hpass91
hd92@support.com,hpass92
hd93@support.com,hpass93
hd94@support.com,hpass94
hd95@support.com,hpass95
hd96@support.com,hpass96
gen97@email.com,gpass97
gen98@email.com,gpass98
gen99@email.com,gpass99
gen100@email.com,gpass100
