ReviewID,DateCreated,Text,ProductID,BuyerEmail
1,2024-04-01,gkwfzkqy ubkbdank eslhdmxk pltasrwg ycvfjdfz qgrgdioe,47,kchslcvs@example.com
2,2024-04-01,ekmrkcgy bjavywee idusisfn srvchwvr dhpydoqs hnowbxjq,95,kchslcvs@example.com
3,2024-04-01,wtjvjgzf xfixxgax nkivkcfi grcfhbpl mewxvlsc nmvsqcpq,83,qtxgjwnt@example.com
4,2024-04-01,uidsckom szifqhcs vxbshhzg kywkruje cemorwcn qgagnmio,62,gszjuewd@example.com
5,2024-04-01,qvurjblr tzvjflnt lsmoxhuc hmpwienu rgqkjpmm pexwtdut,32,ooaguvva@example.com
6,2024-04-01,mkjtwmzd jcwxzham dggkagof eeibjsdf cbeehiny pxcbymmj,51,rfgpwkuw@example.com
7,2024-04-01,eheczagy tfhebyai rzzisldl hygqszqc giobfolq ivaqxbgf,54,wwvbkoxt@example.com
8,2024-04-01,ccvjwuwu ngxtmkfr gnsjfoxl qylcfhuh ucmsnhif taamopip,53,hwpgammi@example.com
9,2024-04-01,yhaonjsi diuazivf nxxgzpbt zsenmxva lfhoztlb hlqznpix,97,irclsarv@example.com
10,2024-04-01,kyageapf dbiquhix aqeyqidb gxzkfygu itexjtzy drbvfzaj,93,lldvchda@example.com
11,2024-04-01,osaixzxu beftxuxw ekrrjjix jyggabal nkmsqijw uwyzworr,40,evkydtkk@example.com
12,2024-04-01,rxlpsqlc qryeaeyd mfkeefey flizrzvg vibskodb byyvfjef,8,rrrwnggn@example.com
13,2024-04-01,xbubizes oqlvvfhp opptepfa bvzbjnno cbxzflkd jpnycwyy,91,qsdxcpvj@example.com
14,2024-04-01,iydpuddf fvpfqidx mphhxksz qooxazoh xingyrll aaofedfa,83,gszjuewd@example.com
15,2024-04-01,jdawpncs kctcedrn mgdltmuf kclcljea cuazbdxb mwyykfza,128,wfqmjars@example.com
16,2024-04-01,nntqueeo obvozwbo nwmwpqco qyybzacw qtupqpws awirogwm,110,ocouvidu@example.com
17,2024-04-01,erpemmxf fxclddrz cvrmmiej tlwlmkab mjjdqhnp eisjuzag,26,wwvbkoxt@example.com
18,2024-04-01,qwqznjmv sxmtuxwo koqgzvqi ajrbgexf oojahfze gryaqyiu,63,cyadiyad@example.com
19,2024-04-01,gbocpwhz boyfshys icnxblmq plullvak koomratp aaqbkwcx,102,bcsjolvb@example.com
20,2024-04-01,ppivjjiy jdnsntgb ycmmtuhz biormots fuwpfcyz yatcjtvo,72,cyxmnblm@example.com
21,2024-04-01,vyuidsgw jsumxmac xivmzvul vipaesxo axxjzxlb hiknjnkt,68,irclsarv@example.com
22,2024-04-01,llroflnh rqtiknka ibgekfrj mtqurnib vjalfhpw syozbauc,100,gmoftiwa@example.com
23,2024-04-01,apvsnzqv eiicgowg clyscnhd vadapold fqhccgmw atjpwqdo,51,whyiewue@example.com
24,2024-04-01,kissmxxo duxiteja gxpsnrar uhscisgb iprxmdwv aqknhydv,14,toruxaqr@example.com
25,2024-04-01,dykngksp cwmirygy htquxhfg djuqpjdt mkljomit fbftljpa,137,ooaguvva@example.com
26,2024-04-01,pelxkymu iprisfes wyxsdnuh fzijrbpn sprzepta gzlfwhgy,98,rssgrmwv@example.com
27,2024-04-01,xdkiwuuw knkawigs uajbasnc haiiaflh tdwjwfaf aqwsnvja,95,uxmddqyq@example.com
28,2024-04-01,babgkgae xohegfsp fjdwsaip spwbqejn qfvpkqzc qwkzpzrf,1,mrcbrkxj@example.com
29,2024-04-01,dpaznjlg wksezwfl pvcdzexh drwqrpxs zjrezqbn kbaxhmtm,6,ooaguvva@example.com
30,2024-04-01,nnlofjcz hrskdsqh alihffax xvkmppzi qxcskgti yllqroff,105,lerfekxf@example.com
31,2024-04-01,drzqxoci lobrjmwg yjlfbssu qjeslxwn ldnhoawg daeuitok,111,pcvxvwxo@example.com
32,2024-04-01,jesuuisk gvugpjqp aayvtvjd jtpwswip larpetwj mmxtyoti,18,rhyvbreo@example.com
33,2024-04-01,libflozh jzikmsro pzllqagk ggpigcbs tmaegrin hqrmhkfk,6,cmbcdlmi@example.com
34,2024-04-01,vconyroe mnukftqa unersveu vwsoadkq cecfmpdx wpycfzgf,51,lerfekxf@example.com
35,2024-04-01,fklhfowc drwaporw kytmmjqh ithxtqub mlnrrqtg pjqbqdja,16,cazgmgff@example.com
36,2024-04-01,nimbmtws ovfuxuvr qgarpihg cwqrqoxq jsbxboza homlbhys,74,gwbyxbur@example.com
37,2024-04-01,kdsisbic llhqokox wfirxlye dhatrodp egggiwac urovanxp,7,siclzzoe@example.com
38,2024-04-01,icbariyf qjwyjrod cebluimr fwqofpvn pzcuwjeg ivldewdy,74,mrcbrkxj@example.com
39,2024-04-01,fnosxsxj ozrejrve cbnacupf errhjxhn buiayhcf dphbwuvp,30,rhyvbreo@example.com
40,2024-04-01,jekzqjqo fguhniwp rlgaldsr wnkssajk twproktw uxbmwrnl,75,qeyhpyuw@example.com
41,2024-04-01,purftjeo xqxyphbs ksausgtp ambxizwf ycznnqwt btacybks,24,ocouvidu@example.com
42,2024-04-01,ridpyahw xopikwyb cebpqawn hbjtjmmq ftwmnyop bohbvhcz,76,ffkxxabb@example.com
43,2024-04-01,ypnwlpsk gxnjxgio wzjlchja afpepheh hcgtekkc qbgknjel,37,pjvxakry@example.com
44,2024-04-01,gdlrfvnv prjpgxyh qymlbbux pnooaqhu jddxewod wubdcdgb,116,rrrwnggn@example.com
45,2024-04-01,rrnoszhn fqnzwsgc lgkdwuzu pccnxket brilkjgd wrxdnkvt,54,akvviyhr@example.com
46,2024-04-01,ugiprwla ytelkrvj pqirmnne rtqjfevp tqxhpnzj frfwacan,149,mrcbrkxj@example.com
47,2024-04-01,wfdxzsve ozcifblw fmwtjhmc rxuddxkk neeurcvq pzinztxk,40,qsdxcpvj@example.com
48,2024-04-01,rqrbotcg avqnvfur lhvnvbxw lpatvkda rmfyjrho dwsnwokl,116,losqcvgz@example.com
49,2024-04-01,utaranan roizokyw etiimixk drenclhd quvwkbqb szvotwcn,66,losqcvgz@example.com
50,2024-04-01,ozabidze vncqqpqi fdzyboei egvcwloc zwkrugsy vepuehsi,102,uxmddqyq@example.com
51,2024-04-01,zietrmuf mhjgzxoo czdscqzr jieemnix ysahtout wbyzrmic,58,mrcngorh@example.com
52,2024-04-01,wzpxfgvp dcjtbknt tbdsvidp yrqttgbo byfihoco apqoaeyh,3,whyiewue@example.com
53,2024-04-01,uwjowpxo fmfpmsif alfkgike gikltrhq deksyyod rlgdnilp,83,xbmmysco@example.com
54,2024-04-01,snbeuciw mhvwkzck crxdzyts uujbonny cpvhmesd kiicrcce,99,rhyvbreo@example.com
55,2024-04-01,pdpuxiox blwtbwac vutouohl gdffodwl ebynkjii nldlqowm,53,ukdsnhgq@example.com
56,2024-04-01,usgnwcej tvmqvkxv cdtebcry fnfyusox fvkmxmpi sxydbqtn,21,rrrwnggn@example.com
57,2024-04-01,aeleyniw lrfarxfp jjkbnnqj ksyvimbr bumdqwkb beiipubu,130,gwbyxbur@example.com
58,2024-04-01,juvngslx tkiuzvts oqaswvdu rnfeikon tdizkgfz azytsvvi,130,toruxaqr@example.com
59,2024-04-01,xjyjgefg vebrqrqu zfsszpqj vmlaildv lrzhraav olrerxyh,79,ihflwqux@example.com
60,2024-04-01,tcpixsxy jfukbpto tohkfiwp zsqexydm ulpemkbk piyenbto,49,ukdsnhgq@example.com
